body,score_hidden,archived,name,author,author_flair_text,downs,created_utc,subreddit_id,link_id,parent_id,score,retrieved_on,controversiality,gilded,id,subreddit,ups,distinguished,author_flair_css_class
"I don't know where the people on this sub live. A girl like that would never live in my town, let alone next door.",false,false,t1_cronp21,yummyyummypowwidge,,0,1432894460,t5_vf2,t3_37onkd,t3_37onkd,16,1433331914,0,0,cronp21,nsfw,16,,
"It would be talc, but it looks like she's just been on the floor as part of the shoot.",false,false,t1_cr5qde3,Ruckus,,0,1431368446,t5_vf2,t3_35lnx4,t1_cr5m71p,22,1432898859,0,0,cr5qde3,nsfw,22,,
"And even if she had, I'd still hit it. Hard.",false,false,t1_cqx5wg4,DevilsLittleChicken,,0,1430680370,t5_vf2,t3_34pm6q,t1_cqx3z1q,13,1432749828,0,0,cqx5wg4,nsfw,13,,
[**album**^+73](http://imgur.com/a/Scien) ^\[[**post**](/r/nsfw_sets/comments/24ctdn/superlicious_in_bed_with_irina_74/) ^by ^/u/r_fappygood\],false,false,t1_cr69dyf,rarchives,,0,1431404504,t5_vf2,t3_35obbu,t3_35obbu,14,1432908091,0,0,cr69dyf,nsfw,14,,
"&gt;for my porn stars

God, it's sad how detached from reality you are when you start pretending like you have some sort of connection to the women on the screen.",false,false,t1_craqyfq,Genericscreen,,0,1431749180,t5_vf2,t3_363286,t1_craqxcn,-175,1433091513,0,0,craqyfq,nsfw,-175,,
A cross between her and the girl off Mythbusters.,false,false,t1_crqowtn,Bumblebee96,,0,1433063238,t5_vf2,t3_37wb5u,t1_crqmadv,25,1433495179,0,0,crqowtn,nsfw,25,,
I see no sandwich in her hand,false,false,t1_crnj74l,theedeacon,,0,1432813449,t5_vf2,t3_37j5kg,t3_37j5kg,-5,1433312410,1,0,crnj74l,nsfw,-5,,
"She looks confused. Not sure if that's the best expression for these pics, but whatever. Still hot.",false,false,t1_cr12pib,PKRaptor19,,0,1430972047,t5_vf2,t3_353lvz,t3_353lvz,16,1432818420,0,0,cr12pib,nsfw,16,,
"No you don't OP, just like yoga pants you will see a lot of fatties wearing it and it ~~looses~~ loses its charm quick.",false,false,t1_cr5sl5g,mastersword130,,0,1431372032,t5_vf2,t3_35lnx4,t3_35lnx4,27,1432899972,0,0,cr5sl5g,nsfw,27,,
"GloryholeSwallow Courtney And Kristina First Visit 

Gloryholeswallow.com's Kristina's second visit	

FTVGirls 2013-12-20 - Sophie &amp; Cortney

Kristina Bell nubile casting 

